{
    "$schema": "https://schema.management.azure.com/schemas/2015-01-01/deploymentParameters.json#",
    "contentVersion": "1.0.0.0",
    "parameters": {
        "workflows_ec601_tweets_processor_name": {
            "value": null
        },
        "connections_cognitiveservicescomputervision_externalid": {
            "value": null
        },
        "connections_sql_externalid": {
            "value": null
        },
        "connections_twitter_externalid": {
            "value": null
        }
    }
}