{
    "$schema": "https://schema.management.azure.com/schemas/2015-01-01/deploymentTemplate.json#",
    "contentVersion": "1.0.0.0",
    "parameters": {
        "workflows_ec601_tweets_processor_name": {
            "defaultValue": "ec601_tweets_processor",
            "type": "String"
        },
        "connections_cognitiveservicescomputervision_externalid": {
            "defaultValue": "/subscriptions/050cfcdb-2f41-45f0-bfd9-2b678aa165e4/resourceGroups/EC601/providers/Microsoft.Web/connections/cognitiveservicescomputervision",
            "type": "String"
        },
        "connections_sql_externalid": {
            "defaultValue": "/subscriptions/050cfcdb-2f41-45f0-bfd9-2b678aa165e4/resourceGroups/EC601/providers/Microsoft.Web/connections/sql",
            "type": "String"
        },
        "connections_twitter_externalid": {
            "defaultValue": "/subscriptions/050cfcdb-2f41-45f0-bfd9-2b678aa165e4/resourceGroups/EC601/providers/Microsoft.Web/connections/twitter",
            "type": "String"
        }
    },
    "variables": {},
    "resources": [
        {
            "type": "Microsoft.Logic/workflows",
            "apiVersion": "2017-07-01",
            "name": "[parameters('workflows_ec601_tweets_processor_name')]",
            "location": "eastus2",
            "properties": {
                "state": "Enabled",
                "definition": {
                    "$schema": "https://schema.management.azure.com/providers/Microsoft.Logic/schemas/2016-06-01/workflowdefinition.json#",
                    "contentVersion": "1.0.0.0",
                    "parameters": {
                        "$connections": {
                            "defaultValue": {},
                            "type": "Object"
                        }
                    },
                    "triggers": {
                        "manual": {
                            "type": "Request",
                            "kind": "Http",
                            "inputs": {
                                "method": "GET",
                                "schema": {
                                    "hashtag": {
                                        "type": "string"
                                    }
                                }
                            }
                        }
                    },
                    "actions": {
                        "Check_if_var_Hashtag_is_null": {
                            "actions": {
                                "Hashtag=hashtag#get_from_http_request)": {
                                    "runAfter": {},
                                    "type": "SetVariable",
                                    "inputs": {
                                        "name": "Hashtag",
                                        "value": "@triggerBody()?['hashtag']"
                                    }
                                }
                            },
                            "runAfter": {
                                "Initialize_variable_Hashtag": [
                                    "Succeeded"
                                ]
                            },
                            "else": {
                                "actions": {
                                    "Hashtag=\"#朴素一餐\"#default_hashtag": {
                                        "runAfter": {},
                                        "type": "SetVariable",
                                        "inputs": {
                                            "name": "Hashtag",
                                            "value": "#朴素一餐"
                                        }
                                    }
                                }
                            },
                            "expression": {
                                "and": [
                                    {
                                        "not": {
                                            "equals": [
                                                "@variables('Hashtag')",
                                                ""
                                            ]
                                        }
                                    }
                                ]
                            },
                            "type": "If"
                        },
                        "For_each_3": {
                            "foreach": "@body('Search_tweets')",
                            "actions": {
                                "Clear_ImageTags": {
                                    "runAfter": {
                                        "Clear_TweetsImageCVInfo": [
                                            "Succeeded",
                                            "Failed",
                                            "Skipped",
                                            "TimedOut"
                                        ],
                                        "Delay": [
                                            "Succeeded",
                                            "Failed",
                                            "Skipped",
                                            "TimedOut"
                                        ],
                                        "For_each_Tags": [
                                            "Succeeded",
                                            "Failed",
                                            "Skipped",
                                            "TimedOut"
                                        ],
                                        "Insert_row_(V2)_2": [
                                            "Succeeded",
                                            "Failed",
                                            "Skipped",
                                            "TimedOut"
                                        ]
                                    },
                                    "type": "SetVariable",
                                    "inputs": {
                                        "name": "ImageTags",
                                        "value": "@null"
                                    }
                                },
                                "Clear_TagsIdToCount": {
                                    "runAfter": {
                                        "For_each_4": [
                                            "Succeeded"
                                        ]
                                    },
                                    "type": "SetVariable",
                                    "inputs": {
                                        "name": "TagsIdToCount",
                                        "value": "@null"
                                    }
                                },
                                "Clear_TweetsImageCVInfo": {
                                    "runAfter": {
                                        "Insert_row_(V2)": [
                                            "Succeeded"
                                        ]
                                    },
                                    "type": "SetVariable",
                                    "inputs": {
                                        "name": "TweetsImageCVInfo",
                                        "value": "@null"
                                    }
                                },
                                "Delay": {
                                    "runAfter": {
                                        "For_each_4": [
                                            "Succeeded"
                                        ]
                                    },
                                    "type": "Wait",
                                    "inputs": {
                                        "interval": {
                                            "count": 10,
                                            "unit": "Second"
                                        }
                                    }
                                },
                                "For_each_4": {
                                    "foreach": "@items('For_each_3')['MediaUrls']",
                                    "actions": {
                                        "Analyze_Image": {
                                            "runAfter": {},
                                            "type": "ApiConnection",
                                            "inputs": {
                                                "body": {
                                                    "url": "@items('For_each_4')"
                                                },
                                                "host": {
                                                    "connection": {
                                                        "name": "@parameters('$connections')['cognitiveservicescomputervision']['connectionId']"
                                                    }
                                                },
                                                "method": "post",
                                                "path": "/vision/v2.0/analyze",
                                                "queries": {
                                                    "format": "Image URL",
                                                    "visualFeatures": "Tags,Description,Categories"
                                                }
                                            }
                                        },
                                        "AppendToTweetsImageCVInfo": {
                                            "runAfter": {
                                                "Analyze_Image": [
                                                    "Succeeded"
                                                ]
                                            },
                                            "type": "AppendToArrayVariable",
                                            "inputs": {
                                                "name": "TweetsImageCVInfo",
                                                "value": "@body('Analyze_Image')"
                                            }
                                        },
                                        "Filter_Tags_for_confidence_bigger_than_0.5": {
                                            "runAfter": {
                                                "Analyze_Image": [
                                                    "Succeeded"
                                                ]
                                            },
                                            "type": "Query",
                                            "inputs": {
                                                "from": "@body('Analyze_Image')?['tags']",
                                                "where": "@greater(item()?['confidence'], 0.5)"
                                            }
                                        },
                                        "For_each": {
                                            "foreach": "@body('Filter_Tags_for_confidence_bigger_than_0.5')",
                                            "actions": {
                                                "Prevent_duplicate_tags": {
                                                    "actions": {
                                                        "Append_to_array_variable": {
                                                            "runAfter": {},
                                                            "type": "AppendToArrayVariable",
                                                            "inputs": {
                                                                "name": "ImageTags",
                                                                "value": "@items('For_each')?['name']"
                                                            }
                                                        }
                                                    },
                                                    "runAfter": {},
                                                    "expression": {
                                                        "and": [
                                                            {
                                                                "not": {
                                                                    "contains": [
                                                                        "@variables('ImageTags')",
                                                                        "@items('For_each')?['name']"
                                                                    ]
                                                                }
                                                            },
                                                            {
                                                                "not": {
                                                                    "contains": [
                                                                        "@items('For_each')?['name']",
                                                                        "'"
                                                                    ]
                                                                }
                                                            }
                                                        ]
                                                    },
                                                    "type": "If"
                                                }
                                            },
                                            "runAfter": {
                                                "Filter_Tags_for_confidence_bigger_than_0.5": [
                                                    "Succeeded"
                                                ]
                                            },
                                            "type": "Foreach",
                                            "runtimeConfiguration": {
                                                "concurrency": {
                                                    "repetitions": 1
                                                }
                                            }
                                        }
                                    },
                                    "runAfter": {},
                                    "type": "Foreach"
                                },
                                "For_each_Tags": {
                                    "foreach": "@variables('ImageTags')",
                                    "actions": {
                                        "Condition": {
                                            "actions": {
                                                "Insert_row_(V2)_4": {
                                                    "runAfter": {},
                                                    "type": "ApiConnection",
                                                    "inputs": {
                                                        "body": {
                                                            "Count": 1,
                                                            "Date": "@{substring(items('For_each_3')?['CreatedAtIso'],0,10)}",
                                                            "TagsId": "@body('GetTagsId')?['value']?[0]?['Id']"
                                                        },
                                                        "host": {
                                                            "connection": {
                                                                "name": "@parameters('$connections')['sql']['connectionId']"
                                                            }
                                                        },
                                                        "method": "post",
                                                        "path": "/v2/datasets/@{encodeURIComponent(encodeURIComponent('ec601database-server.database.windows.net'))},@{encodeURIComponent(encodeURIComponent('ec601database'))}/tables/@{encodeURIComponent(encodeURIComponent('[dbo].[TagsDailyCount]'))}/items"
                                                    }
                                                }
                                            },
                                            "runAfter": {
                                                "SQLGetOneTagsCountingRow": [
                                                    "Succeeded"
                                                ]
                                            },
                                            "else": {
                                                "actions": {
                                                    "Update_row_(V2)": {
                                                        "runAfter": {},
                                                        "type": "ApiConnection",
                                                        "inputs": {
                                                            "body": {
                                                                "Count": "@add(body('SQLGetOneTagsCountingRow')?['resultsets']?['table1']?[0]?['Count'] ,1)",
                                                                "Date": "@{body('SQLGetOneTagsCountingRow')?['resultsets']?['table1']?[0]?['Date']}",
                                                                "TagsId": "@body('SQLGetOneTagsCountingRow')?['resultsets']?['table1']?[0]?['TagsId']"
                                                            },
                                                            "host": {
                                                                "connection": {
                                                                    "name": "@parameters('$connections')['sql']['connectionId']"
                                                                }
                                                            },
                                                            "method": "patch",
                                                            "path": "/v2/datasets/@{encodeURIComponent(encodeURIComponent('ec601database-server.database.windows.net'))},@{encodeURIComponent(encodeURIComponent('ec601database'))}/tables/@{encodeURIComponent(encodeURIComponent('[dbo].[TagsDailyCount]'))}/items/@{encodeURIComponent(encodeURIComponent(body('SQLGetOneTagsCountingRow')?['resultsets']?['table1']?[0]?['Id']))}"
                                                        }
                                                    }
                                                }
                                            },
                                            "expression": {
                                                "and": [
                                                    {
                                                        "equals": [
                                                            "@body('SQLGetOneTagsCountingRow')?['resultsets']?['table1']",
                                                            "@null"
                                                        ]
                                                    }
                                                ]
                                            },
                                            "type": "If"
                                        },
                                        "GetTagsId": {
                                            "runAfter": {
                                                "If_EOF": [
                                                    "Succeeded"
                                                ]
                                            },
                                            "type": "ApiConnection",
                                            "inputs": {
                                                "host": {
                                                    "connection": {
                                                        "name": "@parameters('$connections')['sql']['connectionId']"
                                                    }
                                                },
                                                "method": "get",
                                                "path": "/v2/datasets/@{encodeURIComponent(encodeURIComponent('ec601database-server.database.windows.net'))},@{encodeURIComponent(encodeURIComponent('ec601database'))}/tables/@{encodeURIComponent(encodeURIComponent('[dbo].[TagsId]'))}/items",
                                                "queries": {
                                                    "$filter": "Tag eq '@{items('For_each_Tags')}'",
                                                    "$top": 1
                                                }
                                            }
                                        },
                                        "Get_rows_(V2)": {
                                            "runAfter": {},
                                            "type": "ApiConnection",
                                            "inputs": {
                                                "host": {
                                                    "connection": {
                                                        "name": "@parameters('$connections')['sql']['connectionId']"
                                                    }
                                                },
                                                "method": "get",
                                                "path": "/v2/datasets/@{encodeURIComponent(encodeURIComponent('ec601database-server.database.windows.net'))},@{encodeURIComponent(encodeURIComponent('ec601database'))}/tables/@{encodeURIComponent(encodeURIComponent('[dbo].[TagsId]'))}/items",
                                                "queries": {
                                                    "$filter": "Tag eq '@{items('For_each_Tags')}'",
                                                    "$top": 1
                                                }
                                            }
                                        },
                                        "If_EOF": {
                                            "actions": {
                                                "Insert_row_(V2)_3": {
                                                    "runAfter": {},
                                                    "type": "ApiConnection",
                                                    "inputs": {
                                                        "body": {
                                                            "Tag": "@{items('For_each_Tags')}"
                                                        },
                                                        "host": {
                                                            "connection": {
                                                                "name": "@parameters('$connections')['sql']['connectionId']"
                                                            }
                                                        },
                                                        "method": "post",
                                                        "path": "/v2/datasets/@{encodeURIComponent(encodeURIComponent('ec601database-server.database.windows.net'))},@{encodeURIComponent(encodeURIComponent('ec601database'))}/tables/@{encodeURIComponent(encodeURIComponent('[dbo].[TagsId]'))}/items"
                                                    }
                                                }
                                            },
                                            "runAfter": {
                                                "Get_rows_(V2)": [
                                                    "Succeeded"
                                                ]
                                            },
                                            "expression": {
                                                "and": [
                                                    {
                                                        "equals": [
                                                            "@length(body('Get_rows_(V2)')?['value'])",
                                                            0
                                                        ]
                                                    }
                                                ]
                                            },
                                            "type": "If"
                                        },
                                        "SQLGetOneTagsCountingRow": {
                                            "runAfter": {
                                                "GetTagsId": [
                                                    "Succeeded"
                                                ]
                                            },
                                            "type": "ApiConnection",
                                            "inputs": {
                                                "body": {
                                                    "query": "select * from TagsDailyCount where TagsId=@{body('GetTagsId')?['value']?[0]?['Id']} AND DATE='@{substring(items('For_each_3')?['CreatedAtIso'],0,10)}'\n"
                                                },
                                                "host": {
                                                    "connection": {
                                                        "name": "@parameters('$connections')['sql']['connectionId']"
                                                    }
                                                },
                                                "method": "post",
                                                "path": "/v2/datasets/@{encodeURIComponent(encodeURIComponent('ec601database-server.database.windows.net'))},@{encodeURIComponent(encodeURIComponent('ec601database'))}/query/sql"
                                            }
                                        }
                                    },
                                    "runAfter": {
                                        "Clear_TagsIdToCount": [
                                            "Succeeded"
                                        ]
                                    },
                                    "type": "Foreach"
                                },
                                "Insert_row_(V2)": {
                                    "runAfter": {
                                        "For_each_4": [
                                            "Succeeded"
                                        ]
                                    },
                                    "type": "ApiConnection",
                                    "inputs": {
                                        "body": {
                                            "TweetsCreatedTime": "@items('For_each_3')?['CreatedAtIso']",
                                            "TweetsCreater": "@items('For_each_3')?['UserDetails']?['FullName']",
                                            "TweetsCreaterUserId": "@items('For_each_3')?['UserDetails']?['Id']",
                                            "TweetsId": "@items('For_each_3')?['TweetId']",
                                            "TweetsImgInfo": "@{variables('TweetsImageCVInfo')}",
                                            "TweetsMediaJson": "@{string(items('for_each_3')?['MediaUrls'])}",
                                            "TweetsText": "@{items('For_each_3')['TweetText']}"
                                        },
                                        "host": {
                                            "connection": {
                                                "name": "@parameters('$connections')['sql']['connectionId']"
                                            }
                                        },
                                        "method": "post",
                                        "path": "/v2/datasets/@{encodeURIComponent(encodeURIComponent('ec601database-server.database.windows.net'))},@{encodeURIComponent(encodeURIComponent('ec601database'))}/tables/@{encodeURIComponent(encodeURIComponent('[dbo].[defaultKeywordsSearchStorage]'))}/items"
                                    }
                                },
                                "Insert_row_(V2)_2": {
                                    "runAfter": {
                                        "For_each_4": [
                                            "Succeeded"
                                        ]
                                    },
                                    "type": "ApiConnection",
                                    "inputs": {
                                        "body": {
                                            "Tags": "@{variables('ImageTags')}",
                                            "TweetsCreatedTime": "@items('For_each_3')?['CreatedAtIso']",
                                            "TweetsId": "@items('For_each_3')?['TweetId']"
                                        },
                                        "host": {
                                            "connection": {
                                                "name": "@parameters('$connections')['sql']['connectionId']"
                                            }
                                        },
                                        "method": "post",
                                        "path": "/v2/datasets/@{encodeURIComponent(encodeURIComponent('ec601database-server.database.windows.net'))},@{encodeURIComponent(encodeURIComponent('ec601database'))}/tables/@{encodeURIComponent(encodeURIComponent('[dbo].[defaultKewordsSearchCVStorage_copy1]'))}/items"
                                    }
                                }
                            },
                            "runAfter": {
                                "Initialize_TagsIdToCount": [
                                    "Succeeded"
                                ]
                            },
                            "type": "Foreach",
                            "runtimeConfiguration": {
                                "concurrency": {
                                    "repetitions": 1
                                }
                            }
                        },
                        "Initialize_ImageTags": {
                            "runAfter": {
                                "Initialize_TweetsImageCVInfo": [
                                    "Succeeded"
                                ]
                            },
                            "type": "InitializeVariable",
                            "inputs": {
                                "variables": [
                                    {
                                        "name": "ImageTags",
                                        "type": "Array",
                                        "value": "@null"
                                    }
                                ]
                            }
                        },
                        "Initialize_TagsIdToCount": {
                            "runAfter": {
                                "Initialize_ImageTags": [
                                    "Succeeded"
                                ]
                            },
                            "type": "InitializeVariable",
                            "inputs": {
                                "variables": [
                                    {
                                        "name": "TagsIdToCount",
                                        "type": "Array",
                                        "value": "@null"
                                    }
                                ]
                            }
                        },
                        "Initialize_TweetsImageCVInfo": {
                            "runAfter": {
                                "Search_tweets": [
                                    "Succeeded"
                                ]
                            },
                            "type": "InitializeVariable",
                            "inputs": {
                                "variables": [
                                    {
                                        "name": "TweetsImageCVInfo",
                                        "type": "Array"
                                    }
                                ]
                            }
                        },
                        "Initialize_variable_Hashtag": {
                            "runAfter": {},
                            "type": "InitializeVariable",
                            "inputs": {
                                "variables": [
                                    {
                                        "name": "Hashtag",
                                        "type": "String"
                                    }
                                ]
                            }
                        },
                        "Response": {
                            "runAfter": {
                                "For_each_3": [
                                    "Succeeded"
                                ]
                            },
                            "type": "Response",
                            "kind": "Http",
                            "inputs": {
                                "headers": {
                                    "head": "result"
                                },
                                "statusCode": 200
                            }
                        },
                        "SQLqueryNewestTweetsId": {
                            "runAfter": {
                                "Check_if_var_Hashtag_is_null": [
                                    "Succeeded"
                                ]
                            },
                            "type": "ApiConnection",
                            "inputs": {
                                "body": {
                                    "query": "SELECT TOP 1 TweetsId FROM defaultKeywordsSearchStorage ORDER BY TweetsId DESC "
                                },
                                "host": {
                                    "connection": {
                                        "name": "@parameters('$connections')['sql']['connectionId']"
                                    }
                                },
                                "method": "post",
                                "path": "/v2/datasets/@{encodeURIComponent(encodeURIComponent('ec601database-server.database.windows.net'))},@{encodeURIComponent(encodeURIComponent('ec601database'))}/query/sql"
                            }
                        },
                        "Search_tweets": {
                            "runAfter": {
                                "SQLqueryNewestTweetsId": [
                                    "Succeeded"
                                ]
                            },
                            "type": "ApiConnection",
                            "inputs": {
                                "host": {
                                    "connection": {
                                        "name": "@parameters('$connections')['twitter']['connectionId']"
                                    }
                                },
                                "method": "get",
                                "path": "/searchtweets",
                                "queries": {
                                    "maxId": 1174113789895159800,
                                    "maxResults": 99,
                                    "searchQuery": "@variables('Hashtag')",
                                    "sinceId": "@{body('SQLqueryNewestTweetsId')?['resultsets']?['table1']?[0]?['TweetsId']}"
                                }
                            }
                        }
                    },
                    "outputs": {}
                },
                "parameters": {
                    "$connections": {
                        "value": {
                            "cognitiveservicescomputervision": {
                                "connectionId": "[parameters('connections_cognitiveservicescomputervision_externalid')]",
                                "connectionName": "cognitiveservicescomputervision",
                                "id": "/subscriptions/050cfcdb-2f41-45f0-bfd9-2b678aa165e4/providers/Microsoft.Web/locations/eastus2/managedApis/cognitiveservicescomputervision"
                            },
                            "sql": {
                                "connectionId": "[parameters('connections_sql_externalid')]",
                                "connectionName": "sql",
                                "id": "/subscriptions/050cfcdb-2f41-45f0-bfd9-2b678aa165e4/providers/Microsoft.Web/locations/eastus2/managedApis/sql"
                            },
                            "twitter": {
                                "connectionId": "[parameters('connections_twitter_externalid')]",
                                "connectionName": "twitter",
                                "id": "/subscriptions/050cfcdb-2f41-45f0-bfd9-2b678aa165e4/providers/Microsoft.Web/locations/eastus2/managedApis/twitter"
                            }
                        }
                    }
                }
            }
        }
    ]
}